day,market-price,hash-rate,fees-usd-per-transaction
0,0,4.97102696296296e-08,0
1,0,0,0
2,0,5.26928858074074e-06,0
3,0,6.31320424296296e-06,0
4,0,5.91552208592593e-06,0
5,0,3.33058806518518e-06,0
6,0,5.12015777185185e-06,0
7,0,6.41262478222222e-06,0
8,0,6.11436316444444e-06,0
9,0,6.66117613037037e-06,0
10,0,5.8658118162963e-06,0
11,0,6.11436316444444e-06,0
12,0,6.36291451259259e-06,0
13,0,5.51783992888889e-06,0
14,0,5.07044750222222e-06,0
15,0,5.26928858074074e-06,0
16,0,5.56755019851852e-06,0
17,0,5.8658118162963e-06,0
18,0,6.46233505185185e-06,0
19,0,5.8658118162963e-06,0
20,0,5.21957831111111e-06,0
21,0,5.91552208592593e-06,0
22,0,5.31899885037037e-06,0
23,0,6.41262478222222e-06,0
24,0,4.92131669333333e-06,0
25,0,5.71668100740741e-06,0
26,0,5.71668100740741e-06,0
27,0,6.11436316444444e-06,0
28,0,6.06465289481481e-06,0
29,0,6.11436316444444e-06,0
30,0,5.66697073777778e-06,0
31,0,6.01494262518519e-06,0
32,0,5.91552208592593e-06,0
33,0,7.10856855703704e-06,0
34,0,4.97102696296296e-06,0
35,0,3.47971887407407e-07,0
36,0,6.2137837037037e-06,0
37,0,5.8658118162963e-06,0
38,0,1.93870051555556e-06,0
39,0,3.57913941333333e-06,0
40,0,4.5236345362963e-06,0
41,0,3.62884968296296e-06,0
42,0,4.17566264888889e-06,0
43,0,4.22537291851852e-06,0
44,0,2.53522375111111e-06,0
45,0,3.57913941333333e-06,0
46,0,4.5236345362963e-06,0
47,0,4.07624210962963e-06,0
48,0,3.57913941333333e-06,0
49,0,1.49130808888889e-07,0
50,0,3.43000860444444e-06,0
51,0,6.46233505185185e-07,0
52,0,6.95943774814815e-07,0
53,0,7.45654044444445e-07,0
54,0,3.67855995259259e-06,0
55,0,3.33058806518518e-06,0
56,0,1.69014916740741e-06,0
57,0,7.45654044444445e-07,0
58,0,5.96523235555555e-07,0
59,0,1.49130808888889e-06,0
60,0,4.67276534518518e-06,0
61,0,3.13174698666667e-06,0
62,0,3.28087779555556e-06,0
63,0,3.5294291437037e-06,0
64,0,2.88319563851852e-06,0
65,0,3.92711130074074e-06,0
66,0,4.07624210962963e-06,0
67,0,4.37450372740741e-06,0
68,0,3.72827022222222e-06,0
69,0,2.03812105481482e-06,0
70,0,3.82769076148148e-06,0
71,0,2.78377509925926e-06,0
72,0,3.1814572562963e-06,0
73,0,4.27508318814815e-06,0
74,0,3.23116752592593e-06,0
75,0,3.03232644740741e-06,0
76,0,2.83348536888889e-06,0
77,0,3.77798049185185e-06,0
78,0,3.43000860444444e-06,0
79,0,4.77218588444444e-06,0
80,0,3.62884968296296e-06,0
81,0,4.77218588444444e-06,0
82,0,3.72827022222222e-06,0
83,0,3.28087779555556e-06,0
84,0,2.58493402074074e-06,0
85,0,4.67276534518518e-06,0
86,0,5.16986804148148e-06,0
87,0,8.00335341037037e-06,0
88,0,9.29582042074074e-06,0
89,0,7.80451233185185e-06,0
90,0,8.15248421925926e-06,0
91,0,7.6442931234091e-06,0
92,0,9.29075625768183e-06,0
93,0,1.12312306659318e-05,0
94,0,1.02502484902837e-05,0
95,0,8.4337487578284e-06,0
96,0,9.73124856672508e-06,0
97,0,1.34980007194616e-05,0
98,0,1.20279214331836e-05,0
99,0,1.62376939347979e-05,0
100,0,1.87139403823172e-05,0
101,0,1.60921806186109e-05,0
102,0,2.32460914215077e-05,0
103,0,2.24921641321615e-05,0
104,0,3.15392916043158e-05,0
105,0,3.25176751436248e-05,0
106,0,2.78185891402109e-05,0
107,0,3.25176751436248e-05,0
108,0,3.28852291444466e-05,0
109,0,2.79299206432286e-05,0
110,0,2.99570923028178e-05,0
111,0,4.65217732310883e-05,0
112,0,3.9486773376631e-05,0
113,0,4.69756441894404e-05,0
114,0,5.02167758384825e-05,0
115,0,5.89895860753258e-05,0
116,0,8.43531550865232e-05,0
117,0,7.85222918316944e-05,0
118,0,7.96884644826601e-05,0
119,0,8.37744517822657e-05,0
120,0,9.9731490216983e-05,0
121,0,9.68820190679263e-05,0
122,0,9.64491901786208e-05,0
123,0,8.75068811554374e-05,0
124,0,7.66483630558576e-05,0
125,0,0.000107307708278201,0
126,0,0.000113064805519858,0
127,0,0.000124842389428177,0
128,0,0.000124746971748383,0
129,0,0.000129703805062888,0
130,0,0.000128877666177137,0
131,0,0.000138791332806148,0
132,0,0.00016935153872945,0
133,0,0.000136518077139047,0
134,0,0.000147750577156816,0
135,0,0.000153374207557116,0
136,0,0.00020064047277912,0
137,0,0.000169772707736179,0
138,0,0.000220799974472116,0
139,0,0.00167856925065505,0
140,0,0.00165149555306384,0
141,0,0.00182296230447484,0
142,0,0.00193125709483968,0
143,0,0.0021244834042325,0
144,0,0.00308353591242889,0
145,0,0.00281847061359461,0
146,0,0.0036237479317645,0.000146596858638743
147,0,0.00456907347918133,2.27138643067847e-10
148,0.07,0.00338357325016817,1.26316105263158e-05
149,0.07,0.00506263967506365,1.92926045016077e-06
150,0.07,0.00529160327845849,2.02454171779141e-05
151,0.07,0.00461732134494324,1.36674259681093e-11
152,0.06,0.00495819741738872,0
153,0.06,0.0046792988126606,7.36196319018405e-12
154,0.06,0.00574090721074621,0
155,0.09,0.00666228738037215,0
156,0.06,0.00958137886113681,1.22625e-06
157,0.06,0.00967263008838573,0
158,0.06,0.0108588960426217,3.80232558139535e-10
159,0.06,0.0102260252243218,0
160,0.06,0.00806282758071523,0
161,0.1,0.0100293708930848,8.62068965517241e-06
162,0.1,0.0115768636273677,0
163,0.11,0.0193176067628266,0
164,0.1,0.0248910297496032,0
165,0.18,0.0224339753108011,0.000750192307692308
166,0.19,0.0251046866573251,0
167,0.2,0.0258201005069688,0
168,0.25,0.0310455970381411,2.90528046024245e-05
169,0.32,0.0435221497768396,1.47133434804668e-05
170,0.3,0.0536698012792116,0
171,0.28,0.059307385447196,2.98701298701299e-05
172,0.29,0.0546168613375639,2.15623234439834e-05
173,0.28,0.0692951428220342,4.29333333333333e-05
174,0.28,0.0843295455223728,1.7664646310832e-05
175,0.26,0.0879436689019031,3.32014171656687e-05
176,0.23,0.0927625000746101,6.7473578028169e-05
177,0.23,0.105974736816725,4.49171726190476e-05
178,0.25,0.11328333935581,4.62698764607679e-05
179,0.26,0.0968389836428695,0.000193684579787234
180,0.25,0.108001742450377,1.56353807205453e-05
181,0.27,0.121681963160758,1.16941582530949e-05
182,0.3,0.128162067707781,4.62193221221221e-05
183,0.3,0.121596943772684,1.99370409233998e-05
184,0.32,0.12321823635632,0.000139095001531531
185,0.36,0.149969563986311,0.000296470588235294
186,0.4,0.158561467414078,0.000260571428571429
187,0.38,0.163144168784427,0.000100007101244813
188,0.44,0.142980282754891,0.000186705178947368
189,0.45,0.164136211725285,0.000399647186297071
190,0.92,0.177267108663308,0.000304443382704252
191,0.92,0.191492247012833,0.000101522842639594
192,0.97,0.244256346380359,7.45135565949485e-05
193,1.08,0.240379261517179,0.000289034662325581
194,1.05,0.391485054897639,0.000341805247225025
195,0.88,0.384235331658794,0.00143512545527678
196,1,0.454920133237534,0.000489174436858006
197,0.97,0.467009518958862,0.000511781338360038
198,0.92,0.746109882360313,0.000693633510371442
199,0.88,0.450719122534764,0.00306209517393526
200,0.91,0.443144011231659,0.0013387269681742
201,0.87,0.522682679914265,0.00166666666666667
202,0.79,0.477232012095633,0.00188896272434422
203,0.89,0.483475502411536,0.00191915753029429
204,0.8,0.53490906649787,0.00157560185187684
205,0.8,0.572627013494514,0.00103747274313127
206,0.75,0.663134715812337,0.00211408906527415
207,0.76,0.630387322438889,0.00632900560676403
208,0.98,0.552612263176948,0.00558613314301076
209,1.2,0.647277934068425,0.00569585608475094
210,1.38,0.78040601979881,0.00616142790670076
211,1.78,0.872218492716317,0.0138096748196627
212,4.14,1.06853945167215,0.0348197331456419
213,3.56,1.24299487235332,0.0267335705725191
214,3.91,1.35748124217533,0.0211819109502694
215,6.55,1.57286756773456,0.0263185721753142
216,8.47,2.03455506274122,0.0291829382612738
217,6.98,2.58473318607827,0.0549658951659857
218,7.27,3.5433900954688,0.0831881354652899
219,8.68,3.73988894768231,0.103034036465833
220,9.67,4.10739248589387,0.0500077042265573
221,19.05,7.04978032426183,0.0334357925281069
222,32.34,6.37300141313269,0.0242966097743637
223,23.66,6.34480229183565,0.0331274693441179
224,18.87,8.80591615374559,0.0310209625038457
225,15.39,11.7702839678778,0.0248340148385208
226,17.58,10.6268031804332,0.0225996207122974
227,17.35,12.4093637139252,0.0217267492363699
228,15.74,11.2438433651035,0.0212912701283575
229,16.1,11.4216858394628,0.0209944340730063
230,15.07,11.188590210086,0.0137208418145998
231,14.25,12.3540683569699,0.0126220969295596
232,14.54,12.0198487388041,0.0139578239911193
233,13.93,14.7936599862205,0.0106120870338785
234,14.1,14.0371660096524,0.00930126626641998
235,14.58,16.431116869293,0.01316820128
236,11.5,12.9571093026425,0.0118283541246329
237,9.66,12.4876488206627,0.00965587839906486
238,9.93,12.0181883386829,0.00791264714139286
239,11.36,11.5792819314549,0.007318637406508
240,11.75,13.0154719384571,0.0118821362213255
241,11.3,11.4895200560173,0.0056955817441371
242,9.48,11.2202344297044,0.00585038728017354
243,8.46,14.3165311122368,0.00445995745296833
244,8.27,13.2560473261452,0.00474582203561442
245,6.76,12.6374317842584,0.00650729582436399
246,6.19,13.2639252302093,0.00371165574206415
247,5.02,14.5728652200325,0.00330501886370302
248,6.18,13.0893998982328,0.0067982198471359
249,5.49,11.954985240386,0.00249038962077041
250,4.94,10.3292040558972,0.0023264618600908
251,5.06,10.9170449371271,0.00204273790759658
252,4.79,10.83306766838,0.00157372113496285
253,4.16,9.99329498090868,0.00175696055007587
254,4.01,8.97708003840482,0.0024684316811186
255,2.59,7.51739222728209,0.00158640408280825
256,3.32,8.97708003840482,0.00190156054061434
257,3.1,7.44440783672595,0.00128272038891187
258,3.38,8.73436486000387,0.00134481311959925
259,3.22,8.97366252740123,0.0015704111157917
260,3.19,10.1103264475387,0.00144390611556171
261,3.11,8.79418927685321,0.00127489906991934
262,2.6,8.59551078000283,0.00221335737599
263,2.45,8.00271693310608,0.00120519724302521
264,2.48,7.70632000965771,0.00165600028680799
265,2.64,8.23983447186478,0.00249727932436182
266,3.14,8.132965581692,0.00214693617424586
267,3.06,7.97030627005816,0.00368530136961126
268,3.12,7.86186672896894,0.00317889886722968
269,3.26,7.06232384270858,0.00321753748426869
270,3.36,8.67000731909753,0.00481462537019398
271,3.98,8.72742458611142,0.00692278842724458
272,4.25,9.1680048812832,0.005256199390065
273,4.47,9.28332569739997,0.0122106856114532
274,5.37,8.87970284099127,0.011215684695858
275,7.06,9.28332569739997,0.00373803389061852
276,7.1,10.3211337404744,0.00803660102662952
277,7.04,9.82372970478891,0.0266239195041328
278,6.37,8.58021961557513,0.00579391430914084
279,6.47,8.77601647007213,0.00524673196874579
280,5.7,10.076167058231,0.00295978064665599
281,5.65,8.77601647007213,0.00358521980927793
282,5.99,9.3272398828152,0.00194793327510217
283,5.84,9.87590105239257,0.00290676695192034
284,5.82,10.0816489909841,0.00407625343198375
285,4.74,9.73873575999822,0.00306006751383819
286,4.5,8.75729367404835,0.00354280144935134
287,5.17,11.42553159036,0.0038314948728942
288,4.98,12.7254423701015,0.00368561258189851
289,4.81,9.67397724650567,0.00285841095652174
290,5.05,11.6087726958068,0.00241843368766971
291,4.98,12.5761704204574,0.0022847586474259
292,5.44,10.6507281967033,0.00306691172199947
293,5.23,11.0231312805041,0.00351834814395522
294,4.81,12.810666082748,0.00292819186834343
295,4.77,11.8424180648659,0.00343508191750292
296,4.94,12.1284618185812,0.00248716829678092
297,4.96,9.62191304274106,0.00382683091793472
298,4.8,12.209318230705,0.0033047074848818
299,4.97,9.88325160797756,0.00452987795892365
300,4.99,11.1382676851811,0.00330873306749572
301,5.24,11.5304602093072,0.00310352337982849
302,5.19,10.8245136658802,0.0040404769061765
303,5.09,12.4487382935262,0.00395708740014978
304,5.18,12.4487382935262,0.00350393134084231
305,5.1,12.8237002903192,0.00318169656261854
306,5.1,10.5974601790129,0.00346341998617539
307,5.05,11.2867258817129,0.00291386844753145
308,5.13,12.5790990742755,0.00290137225369002
309,5.13,10.4251437533379,0.00380366653302721
310,5.15,12.9712135181187,0.00349666449380363
311,5.18,11.5475437417398,0.00368843682094403
312,5.27,11.9430075685117,0.00449158129614607
313,5.56,11.7057292724486,0.00594870416869192
314,5.58,11.0180276735338,0.00383613551041943
315,6.27,12.5920316268957,0.00410167063182198
316,6.56,11.6726201299773,0.00388527485808709
317,6.64,12.0159324867414,0.00373728132708929
318,6.58,11.5867920407863,0.00395941647317904
319,6.71,13.8183223597526,0.00520308793563397
320,6.76,13.3209874109609,0.00899126958891192
321,6.98,13.1468568565692,0.00510594329764756
322,7.85,12.9727263021776,0.00515820392473789
323,9.47,14.009601065922,0.00643751931012949
324,9.53,12.8962552858487,0.00859177045888536
325,8.8,16.5146290710868,0.00656469457223393
326,8.95,18.730041758676,0.00619409962154787
327,10.12,17.5151201310862,0.0108228084705332
328,11.23,15.0852768759066,0.00600066609046735
329,11.6,15.996468096599,0.00728960677571338
330,12.3,18.623360014449,0.00811010340586547
331,14.48,17.2075490191985,0.00933308937929408
332,10.26,17.9699087858719,0.00581280989147287
333,10.99,18.0774253068439,0.00782834156555245
334,10.91,17.3494752944877,0.00648595699696678
335,10.52,15.5296002635974,0.0080884479903386
336,11.27,18.7490590191164,0.00870041549951799
337,11.24,18.8829808692529,0.00740233382119438
338,11.84,20.0882775204818,0.0071182496347068
339,12.63,20.9294479443629,0.0470157822571074
340,12.28,22.2108427164667,0.008702204032311
341,12.46,23.3498602916702,0.00871599494769231
342,12.58,19.3632987784582,0.00836445061844704
343,12.97,21.5621828335442,0.006896761019433
344,12.3,22.6251073394231,0.00771147658599023
345,12.1,20.9547974016134,0.00760317484708818
346,11.98,23.672520961597,0.00960255548664044
347,11.8,25.3525063201619,0.00829000657345792
348,11.56,24.5888766117233,0.0082774032069301
349,10.93,24.4748066399431,0.00849897146579942
350,11.06,23.4892439564555,0.00934752783286603
351,10.97,25.7888902179266,0.00923052754822921
352,10.95,21.6823790367281,0.00991676032884062
353,11.07,22.7748759110447,0.00987204352859298
354,11.82,20.5978657136654,0.010307275612701
355,12.32,24.2820368169227,0.0102029365437445
356,12.62,25.9842619294715,0.0111255927162898
357,12.66,27.3518546626016,0.0104094258134614
358,13.09,20.5138909969512,0.0105064236462853
359,13.55,22.2233819133638,0.0117436864161473
360,13.8,22.7844398482441,0.0109708606599507
361,13.63,21.1091133888144,0.0109608767532217
362,13.7,20.2714501590996,0.0106428037896036
363,13.45,20.6065154509855,0.0116965578666072
364,13.65,19.8478843099254,0.0114438715569237
365,13.52,23.1064921817042,0.0110765131525097
366,13.54,21.0328326269359,0.0125427309545425
367,13.99,23.5842539588777,0.0171244061517865
368,14.31,24.8765418470353,0.0150427661199011
369,15.53,20.1919982524637,0.0187323565850532
370,17.13,20.6766062105229,0.0165516050528711
371,18.54,22.1367933340868,0.018099016970725
372,19.78,21.3989002229506,0.0238203115980996
373,21,24.3504726674955,0.025730181426796
374,21.53,24.0979857085511,0.0272268169762672
375,23.97,25.8890522139163,0.0294136012373248
376,27.2,28.6570640858445,0.0350883589691011
377,26.98,30.1278002487238,0.032916287296783
378,30.52,29.4018291583931,0.0412328572317219
379,31.2,36.8430328342827,0.0410316788455986
380,34.25,33.0035006440194,0.0421990574195824
381,42,33.0035006440194,0.0595714476491046
382,45.6,40.3858626301816,0.0663651538781816
383,46.86,40.9662339897429,0.0845294428483872
384,52.12,47.472635858702,0.129504700325116
385,70.25,50.6053478696824,0.107390119842141
386,78.79,41.9392675675285,0.23114616918827
387,92.5,52.2576587944602,0.0958462881516256
388,131,53.2562127841633,0.0850820030312765
389,163.3,64.4611452380131,0.116046798954834
390,124.9,65.9868528176111,0.104185604219566
391,68.1,69.8011217666059,0.138944990511213
392,118.92,64.6866278222469,0.0882780409312756
393,142.5,78.0700680613325,0.114359966117534
394,128.5,74.501150664243,0.0991490795202318
395,117,72.1289139986682,0.144495336843229
396,115.98,81.6459234846036,0.108583067293712
397,112.69,83.649504429011,0.110179275524608
398,117.99,81.7498729685886,0.123768732451994
399,123.32,81.7498729685886,0.0977666209275395
400,122.7,92.3161830801749,0.12841093512302
401,131.99,97.2680490550696,0.0872556898272874
402,132.3,102.101244039172,0.102055467110124
403,122.42,126.267218959687,0.0801347719968874
404,118.97,124.897393540757,0.101583520261331
405,106.1,136.533796665672,0.0779825948346501
406,99.98,136.533796665672,0.0632844444759075
407,107.39,120.169967894673,0.0940124834437161
408,108.35,169.1993147957,0.0429215594680662
409,104,159.585717364126,0.0712364348592639
410,97.25,162.269499322626,0.0575719977768515
411,80.04,187.723538432058,0.0516997752084572
412,76.49,213.177577541489,0.0513291240305339
413,93.99,196.385104274522,0.0815387642597685
414,97.05,219.795249154928,0.12028046654104
415,89.39,253.609902871071,0.0728909439191163
416,94.51,212.869496544479,0.088395164997768
417,98.7,257.929462966303,0.0528744583338252
418,104.62,295.220469660226,0.064471653220347
419,106.72,351.314048013107,0.0554516487358518
420,102.8,369.902092881525,0.0580278768988104
421,109.35,388.972530725659,0.469926121545627
422,99.71,497.581743850356,0.0685870321884277
423,110.43,525.365496045046,0.0655757843543554
424,113.28,532.757874562586,0.0627444495575921
425,118.5,634.079924326022,0.0593857241370146
426,130.09,604.663845362444,0.547404142501594
427,117.61,704.398591759124,0.0626294371328003
428,122.02,868.614214377815,0.0694933960173622
429,124.05,1024.57958056223,0.0792866499941141
430,127.12,1091.76512682861,0.0632947317896417
431,122.93,1237.33381040575,0.0887867162880023
432,124.65,1302.02028851433,0.0552511732882084
433,126.25,1449.97713948187,0.0919856280628522
434,121.94,1560.94477770752,0.104958991453569
435,124.12,1721.88761457957,0.153003213161403
436,127.59,2154.71182370886,0.339465327556889
437,138.19,2382.30967540873,0.104032900180402
438,186.12,2675.10751260981,0.229656493789353
439,195.33,3194.15822401171,0.524911040204235
440,206.9,3051.00854399733,0.131266075070065
441,203,4216.99907036574,0.123717449111243
442,252.59,4114.54971624979,0.176809875421111
443,330,4266.94044648126,0.235418568068339
444,393,4292.33890151984,0.294945814374711
445,475,4968.79792970165,0.265611398926719
446,716.77,5029.39302640533,0.268485628302687
447,814.56,4968.79792970165,0.234795086745569
448,1133.95,5626.47303819572,0.202115181716003
449,1050.21,6224.28579850402,0.155331217027647
450,705.91,6294.61671148146,0.128865833255069
451,876.88,7495.62480414846,0.174230824463875
452,862.98,8714.79269397984,0.153666825842968
453,685.3,9121.1819905903,0.176457459483311
454,659.99,9744.8657343946,0.225079067407487
455,723.98,9627.45771349828,0.187014512809256
456,732,11740.802089632,0.222981458937759
457,828.74,12692.3566721614,0.189946275137401
458,823.3,12762.8697647845,0.214424320922282
459,844.04,18058.6488747028,0.1671571163145
460,817.15,13610.7058021159,0.19186648369227
461,827.81,15300.924169699,0.162044022004831
462,780.02,16903.7992186766,0.135470089636243
463,785.6,17230.9695261348,0.168329985576642
464,817.08,19412.1049091899,0.127645964406312
465,781,21761.8906024157,0.131492361288222
466,687.37,19937.5404920335,0.124961481002732
467,610,24889.3479344994,0.138960249505973
468,629.96,25980.5116973035,0.139569980040297
469,579.5,25513.79591831,0.11315840225031
470,559.52,28158.5186659398,0.133539378263614
471,567.48,28262.4181718192,0.128160355667627
472,670.7,30728.2667371457,0.118037152243078
473,639.9,31297.3087137595,0.102299314664645
474,641.01,29367.8475506144,0.0871063005107202
475,624.71,30635.5244233027,0.0878237793245578
476,572.89,37185.1882655261,0.0869690443044868
477,585.79,39324.9976022039,0.134398335124078
478,490,37084.9660932176,0.0843475301870831
479,439.12,51769.6170965723,0.11840759224542
480,458,44415.1321567057,0.106010706536877
481,369,45327.7718585558,0.0935247447835335
482,459.64,59321.5806202576,0.0853103982324042
483,482.11,56547.9844196814,0.0864505630306547
484,488.52,60711.0262174494,0.0830486308478886
485,461.48,57935.6650189374,0.0841673001667795
486,452.03,66817.8858733963,0.07665774661264
487,436.75,49715.688893896,0.0795297734172768
488,437.61,66022.4348510939,0.0913551564146893
489,442.45,74817.9710179175,0.103492676110495
490,449.12,80539.3452722289,0.114196791359835
491,488.12,78338.8167128784,0.123480539262342
492,527.91,78483.2567556605,0.122085559737951
493,581,68088.1234105399,0.126067783305285
494,630.71,93036.4434388293,0.103627319046613
495,661.48,86494.3621241971,0.11015883576419
496,648.81,103442.581729614,0.101562266430061
497,591.55,102858.16036391,0.100286422669921
498,608,113768.842858603,0.122237484450598
499,590.96,129161.098068884,0.111529653068329
500,560.76,114438.071346006,0.106613108584991
501,599.99,104506.281189491,0.117780412755663
502,645.35,133768.039922549,0.115084232123661
503,624.35,135440.140421581,0.106917436586578
504,634,137948.291170128,0.0935741623575963
505,624.07,142195.843578748,0.0973284690832916
506,630,146504.80853568,0.0943918362895268
507,620.43,128407.155716566,0.0916525153782596
508,593.68,126669.524399822,0.0955031829021396
509,582.04,142503.2149498,0.0829250771660821
510,588.5,122943.950152769,0.0807220173331684
511,588.98,169672.521356757,0.0765414883223648
512,569.01,153980.265046305,0.0788239107748938
513,523.88,161826.393201531,0.0764801796327201
514,518.82,199134.596112222,0.0744988261621093
515,508.03,158833.546899034,0.0763623246201214
516,506.61,196763.946158505,0.0744094621263816
517,476.36,194978.303194365,0.0766645782528853
518,485.91,229065.419137436,0.0632812261563647
519,473.35,212703.603484762,0.0723859200065374
520,476.92,252083.49301791,0.0684575525765313
521,453.9,274326.15416655,0.059695098303997
522,401.15,232806.520022423,0.0521297163564116
523,410.19,260177.353092678,0.0580422732330872
524,373.87,261900.381921106,0.0634373639144449
525,358.9,246393.122465251,0.0596513550885422
526,334.06,225716.776524111,0.0611193223939248
527,361.95,257517.457245351,0.0549379316976751
528,394.84,260997.422883802,0.0501087763175822
529,389.44,240117.629053098,0.0586242913060206
530,357.2,291583.508500603,0.0554518472907261
531,350.9,268328.382055769,0.0570512930472887
532,337.79,286216.940859487,0.0612457632019921
533,330.23,314993.428436733,0.0577354919543559
534,346.94,273650.540954412,0.0544554781340861
535,420.19,287431.503448519,0.051724655495915
536,389.87,299243.757014897,0.0534984251534935
537,356.47,248412.346336535,0.0500143798810615
538,374.58,256425.647831262,0.0505403466649296
539,376.98,302502.131425942,0.047963303634306
540,379.62,242402.37021549,0.0520011249421768
541,375.05,242631.420394883,0.0473836204620792
542,348.79,288373.409485721,0.0442929191264104
543,357.8,304283.666560796,0.055145139121954
544,312.26,243219.983474761,0.0468875501967841
545,331.98,317755.139700897,0.0399340134378437
546,329.94,313832.236741627,0.0415633230745816
547,311,313142.288941348,0.0320872224209635
548,285.09,335365.290092025,0.0323580963604058
549,297.99,272736.832303755,0.0320030300966465
550,269.68,358478.281006871,0.037643013374949
551,210.21,325690.633353804,0.0322469489908751
552,216.01,262301.18122454,0.0342858827007987
553,233.71,264487.024401411,0.0304285323944717
554,263.52,324166.338971824,0.0325823526792473
555,219.25,348786.567248165,0.0415927206649566
556,226.71,301597.796385178,0.0343597749934179
557,223.93,342533.060667745,0.0336719226059963
558,222.33,309384.699957963,0.0331732315963807
559,234.5,342533.060667745,0.0387309898930831
560,245.78,304964.918529992,0.0387714138726647
561,239.94,362028.097735547,0.046705926370553
562,253.5,348103.940130333,0.0402198510203431
563,270.06,264558.994499053,0.0396289050841647
564,275,311208.023870146,0.0446799504910276
565,294.9,327711.479681442,0.0347746068827421
566,289.28,337142.025859325,0.0351223016387789
567,262.1,337142.025859325,0.0397998599669879
568,245,385508.770219478,0.0368336247301047
569,252.96,350673.640380369,0.038232087126216
570,246.49,341384.272423273,0.0313389983270338
571,260.52,317081.150318859,0.0337420792653557
572,243,349035.064692078,0.0337935648001038
573,223.01,388362.959305269,0.0324427158700474
574,222.64,326913.123972157,0.0339241039215285
575,235.85,338442.961883245,0.0333096713292038
576,226.29,352643.365878346,0.0416849824297872
577,225.62,314775.62189141,0.0325316556529031
578,239.47,312624.333322854,0.0356518448590341
579,237.16,350518.191907442,0.0348239176272245
580,240.95,374201.85352281,0.0389016290980842
581,237.37,303150.868676707,0.031707039196825
582,231.4,344525.13582465,0.0318859136003915
583,237.76,342098.902473773,0.0345988034868676
584,235.31,320262.802315872,0.0327031266416191
585,228.34,332393.969070261,0.035943834429434
586,222.88,335928.179909096,0.0550128624495425
587,227.66,383242.008065307,0.0367738255406973
588,229.6,373779.242434065,0.0384067143399676
589,249.98,350771.513242293,0.0384138164008471
590,244.75,301367.074757463,0.0469749847180787
591,240.2,395235.50787864,0.056678367285227
592,248.57,336442.885099528,0.0622213124240014
593,254.68,397837.572161486,0.0567826226285965
594,268.53,363456.547406789,0.0537689085438433
595,284.92,356089.184959354,0.0571505150943574
596,287.92,391009.070859764,0.0797083847445257
597,276.74,363079.851512638,0.0564134399661879
598,277.97,378313.971156525,0.0772123447477451
599,292.82,402809.137596422,0.0646602172586436
600,288.45,361228.839521953,0.0568734747466381
601,281.12,374222.682670224,0.0546184586278377
602,279.32,411296.569970398,0.0493210557615927
603,270.98,322225.975199739,0.0454173107771306
604,261.43,385099.336214322,0.0456586408498671
605,226.25,406057.123219183,0.0497415788037366
606,228.14,423446.540478744,0.0567560773307775
607,225.11,401869.646696388,0.0500941956233154
608,230.25,409960.981864772,0.0398271234172223
609,230.73,427538.389387399,0.0441442343139122
610,244.21,399224.588765717,0.0447289741290077
611,234.73,396393.208703549,0.0479099017380485
612,228.33,399224.588765717,0.0498799221709168
613,230.16,389344.072709366,0.0443365253742919
614,234,477831.361961494,0.0491683327380611
615,239.14,510276.701353941,0.0460681103328383
616,237.77,459502.348135243,0.0534780421752839
617,246.8,408110.638146433,0.0509400973781375
618,245.72,453456.264607148,0.0546435515440761
619,252.47,493327.875053937,0.0654282040349179
620,261.04,502407.529196034,0.066502087117321
621,274.35,466088.912627646,0.0722930646907203
622,286.69,478195.118150442,0.0651265258790505
623,328.17,470388.662470568,0.0536844572997348
624,404.5,479672.649229855,0.0550271321248837
625,387.02,433252.715433418,0.058354967308488
626,308.98,477906.839865056,0.0583692545475417
627,318.97,576106.875453766,0.0713054453134089
628,325.9,520460.188620164,0.0600264763527352
629,323.48,549490.493161529,0.0663485827411305
630,358,527800.078957785,0.0793158374762541
631,362.58,531415.147991742,0.0781179542254945
632,386.95,621791.873840678,0.0785372212727998
633,416.49,770711.333847596,0.0786485861026156
634,433.39,692067.320189678,0.076503113446732
635,456.58,629152.109263344,0.0688948805859492
636,438.35,654995.565676021,0.076755564955019
637,455.5,864036.70365773,0.0754613289911023
638,433.23,803647.041574125,0.0776900146123054
639,432.76,769424.042921966,0.068510157064283
640,429.26,743604.444166195,0.0934734149551935
641,448.43,877866.357696202,0.0819689322411302
642,429.55,693089.355237507,0.0783607154230614
643,385.49,839596.048214541,0.0890626702906641
644,381.5,1008642.23241881,0.0673250108632764
645,391.66,918901.018160999,0.0725404151109417
646,376.6,1068073.26136895,0.0755323534358955
647,368.46,1103874.59973886,0.0853496177973897
648,375,1153414.86436954,0.084303698107523
649,378.02,1139086.72940843,0.0877838571086631
650,399.21,1067446.05460287,0.0935763789508716
651,419.98,1284099.85113956,0.10650740750935
652,419.25,999647.352469403,0.11775148081162
653,431.59,1210954.92291009,0.0986358281322718
654,422.5,1080919.49494659,0.0930737791502609
655,405.69,1220696.14747152,0.0846538013882113
656,416,1283699.81959909,0.0788505905522558
657,414.99,1197069.77042369,0.121272904411246
658,407.96,1110630.46003795,0.109808138884503
659,416.39,1242260.73678319,0.112211861385803
660,416.96,1258714.52137634,0.0746317645282238
661,413.74,1028361.53707217,0.0835679469956835
662,418.51,1360254.32899737,0.0921663802276747
663,419.95,1169486.9535892,0.0904238740779391
664,422.63,1260723.52443658,0.614379487502144
665,429.45,1270146.99973955,0.0858223258704735
666,435.95,1465554.23046307,0.0910236017051272
667,451.92,1172443.38437046,0.0849426236783259
668,445.29,1207843.18309188,0.0924641701629931
669,453,1394348.38048107,0.115184020935178
670,449.37,1438754.37985945,0.108402895876534
671,460.66,1403229.58035675,0.107072131728348
672,455.82,1390530.16700974,0.136483393934797
673,453.08,1487094.76194097,0.128724904376665
674,443.21,1776788.54673466,0.135365699551837
675,448.7,1357376.35658448,0.130365148167788
676,511.3,1436639.20952372,0.177632692210278
677,538,1406915.6396715,0.23278926302871
678,583.72,1406915.6396715,0.206628097884406
679,577.95,1520417.53468438,0.198864907515761
680,685.19,1500925.00218843,0.175297939849371
681,751.96,1725089.1258919,0.173054131445649
682,592.81,1457676.2183949,0.167655127382036
683,630.19,1530560.02931465,0.170391711340721
684,667.95,1634679.7592,0.169703108751395
685,681.98,1538177.1269472,0.186975215254498
686,663,1580609.5994147,0.199975231313388
687,664.5,1379055.35519404,0.206551235699883
688,661.32,1580609.5994147,0.239810294145365
689,667.5,1411498.38259309,0.169781118487192
690,661.48,1400885.61279915,0.216153526933836
691,655.54,1560077.15970815,0.177864230317084
692,605.56,1555605.72192362,0.186366876309719
693,572.72,1676039.71329835,0.169710102179348
694,584.98,1525497.22407993,0.15894686929838
695,583.34,1645931.21545466,0.159688345361662
696,570.92,1664092.25424309,0.152646311391942
697,577.24,1718121.2235367,0.167602556862735
698,575.75,1426364.78935122,0.178131661228342
699,571.5,1810682.89469399,0.171838992739436
700,572,1382703.30140268,0.161571566341524
701,608.16,1668023.03026355,0.161267190723752
702,621.65,1799709.05896857,0.151920675992329
703,608.99,1728836.79695677,0.170562568797562
704,607.31,1493086.32464449,0.175966624173788
705,594.08,1526764.96354624,0.165892716009615
706,606.79,2026558.28894994,0.193258922469824
707,608.38,1882660.65896533,0.189920819176547
708,607.18,2002575.35061917,0.197418354055074
709,614.46,2056197.68456892,0.231668393264919
710,635.16,1644958.14765514,0.230175522257712
711,638.97,1606404.44106947,0.220033553955307
712,628.89,2107602.62668314,0.236786355016063
713,643.93,1752432.967869,0.212698756824028
714,685.91,1878507.28210418,0.203950504331784
715,726.6,1676788.3793279,0.199400067257739
716,703.48,1949214.67726041,0.22162128889091
717,721.5,2126416.01155681,0.302436598389749
718,700.38,2177044.96421293,0.266597540072258
719,736.84,2073243.13718006,0.293632741533922
720,736.97,1877125.54312249,0.282053421023416
721,737.07,2157293.53463331,0.268415679677247
722,730.02,1989192.73972682,0.257167657970351
723,762.97,2109770.13119712,0.271414522768642
724,766.48,2238066.96349964,0.287930631254743
725,768.19,2223811.75991047,0.324458965781085
726,775.88,2050571.62855749,0.333735585671981
727,791.03,2127660.78752582,0.398842614183425
728,913.93,2112242.95573216,0.327445308507098
729,930.34,2589949.6705277,0.3076502761644
730,964.84,2463610.66220928,0.282480723299076
731,1109.16,2210932.64557243,0.331487472539032
732,910.49,2147763.14141322,0.42511905248726
733,805.52,2528855.36111398,0.396573968339643
734,830.56,2646087.06659608,0.442557099418864
735,895.64,3031276.95603728,0.496585265659228
736,883.59,2930146.45884887,0.536196397407789
737,918.62,3262229.72418507,0.430482096722623
738,983.42,3066886.62692848,0.614010959674827
739,1011.08,2623276.58868094,0.596831778455123
740,985.34,3105959.48099823,0.777922933772208
741,1001.2,3546669.94789663,0.832348550603316
742,1054.55,3330515.74407375,1.0755456038632
743,1125,3045669.00280428,0.941788759330839
744,1150.37,3900209.22661268,1.03888390891313
745,1224.98,3440072.18302354,0.986049952385233
746,1271.04,3252505.60193699,0.903272168737338
747,1192.09,3573175.16832514,0.791630006657898
748,1240.72,3573175.16832514,0.826667939859967
749,1068.3,3712647.13922469,0.807561319992362
750,1113,3807236.87525589,0.839790909331461
751,961.81,3925474.04529489,0.842977230697727
752,1039.77,4073274.03319987,1.12747811003386
753,1079.99,4371318.47465352,0.880808121081756
754,1193.73,4023599.95962426,0.920038821930214
755,1209.99,4147785.14356328,1.05821414119998
756,1170.36,3909321.04724491,1.00531982785763
757,1201.2,3702204.70037101,1.23841221837743
758,1233.24,3961100.13396339,1.3770530796455
759,1288.02,3814281.63369607,1.73936382784053
760,1354.8,3892124.1160164,1.72331363880453
761,1537.23,3347226.73977411,2.67768085313101
762,1651.1,4021861.58655028,2.80498607212828
763,1692.88,4398136.0431084,3.36738518766872
764,1708.99,4314627.13089748,3.99273974773409
765,2008.84,4091936.69833503,4.19550007035252
766,2421.49,4828620.58576969,4.39555441845939
767,2177.38,4473139.31565167,4.27641105364383
768,2409.93,4325022.11976917,3.38166456587931
769,2699.12,5094943.56098801,3.83455716209381
770,2825.14,4757530.08012788,3.58394444762183
771,2706,4723788.73204186,3.46947544810847
772,2629.76,5129905.64429561,2.46525601463426
773,2658.69,4917633.68660062,2.78667310906896
774,2502.03,5023769.66544811,1.99878142597642
775,2541.69,5448313.58083809,2.1405726396078
776,2549.93,5389830.93070805,1.94176843709901
777,2502.86,5812562.76841065,2.12451048708968
778,2310.93,6235294.60611324,1.75592651681331
779,1972.29,6518885.7883663,1.99203092022726
780,2265.21,6478892.62402049,1.59746245264407
781,2748.36,7118783.25355338,1.61677257061397
782,2656.53,6414280.01814729,2.91314257845576
783,2862.9,6371518.15135964,4.72166692069306
784,2856.52,7568850.42141381,4.06179261167978
785,3408.75,6333394.73736857,7.13726839562085
786,3868.52,6792336.38500398,5.95656976189112
787,4375.8,8215055.49267373,6.89524420537229
788,4054.6,5277828.94780714,5.3313554939949
789,4331.77,4459277.5076504,3.48874928081846
790,4376.66,6578538.10534563,2.46952937698549
791,4908.41,7240807.04212539,1.94171384506566
792,4385.02,7430760.7659943,2.45470247093031
793,4330.87,6329907.31918033,1.66571337011368
794,3865.22,7981187.48940129,2.03912155743406
795,3678.53,6965995.45167762,2.69122572918745
796,3600.92,7624199.74632432,2.29761544477561
797,3931.98,7569349.3884371,2.66781790314962
798,4164.27,7569349.3884371,4.39594859804509
799,4308.33,7486251.28872091,3.14771873542106
800,4439.46,10167893.5413971,3.17920465527297
801,4822.17,8547734.68040521,2.45868936155766
802,5691.69,10351762.4275025,5.10872524255683
803,5697.16,10649226.8650745,7.09609972008243
804,5900.59,9935312.21490186,6.21440279646001
805,5769.89,6138789.85774571,10.7719906052011
806,6416.07,7872095.2293445,13.2745413993023
807,7365.99,10183169.0581429,7.26236461040384
808,7468.44,11049821.7439423,6.18967313224505
809,5890.08,9495610.53578818,6.00414775635294
810,7868.77,11326906.8534045,6.11178644292724
811,8242.81,11733861.5906525,6.3389140253949
812,8212.78,10445729.4715075,21.3744128827459
813,9919,11584046.1446846,23.9657209218713
814,10912.87,11784925.5575982,26.6072853773383
815,13843.93,11941671.1962486,54.7903932891521
816,15068.95,13523349.5003875,41.9812911136269
817,16408.15,13365181.6699736,32.2826758040604
818,18911.79,13035760.950516,26.4755549209237
819,13776.61,12942648.372298,32.2477577813382
820,15677.99,14525562.2020035,29.4200009372911
821,12612.54,15177350.2495293,28.6136658235842
822,15039.24,16127548.7258182,24.4112585250672
823,16192.91,15935554.0981299,14.1482888143159
824,13285.55,17087521.8642597,10.4228125517013
825,13554.14,17608758.1817911,7.15889268874182
826,11506.51,19712949.4110618,6.7009733039161
827,10831.49,19491455.5974543,4.60327416123577
828,11431.37,20445148.5647756,3.47059075693759
829,10204,20703947.9136968,3.1651397606376
830,8202.06,23938939.775212,2.9527262594611
831,8245.08,19291612.224166,3.96065986744794
832,8895.72,23435736.3315795,2.43108807317718
833,10178.56,21292223.8622277,2.43176922569776
834,11245.98,25265138.8267172,1.69392131467231
835,9699.76,25564134.5524772,2.30178782706006
836,10332.14,24667147.3751973,1.44345357191633
837,11516.83,24372959.7309369,1.33363941312735
838,9324.5,23882228.9980992,1.24333567868471
839,9130,25845151.9294498,1.17334400146279
840,8297.89,24372959.7309369,0.948825984992173
841,8909.95,26162835.2122593,0.941679395271181
842,8533.76,23236728.6424672,1.06043961357096
843,7950.61,26162835.2122593,1.25342060758145
844,6827.54,27227579.6162083,1.05935016553693
845,6786.66,24085935.8143381,1.1803434498366
846,6784.41,28623865.7503728,2.37300172919032
847,7895.25,26146926.5194725,1.89111709458818
848,7907.19,30536556.519092,1.66996959193974
849,8930.6,30536556.519092,1.75859774876615
850,8870.14,26910340.4324498,1.18704994467666
851,9398.4,30990335.3016848,1.43583559245097
852,9753.35,27591395.3008549,2.67395450376291
853,9369.16,27791332.9479625,1.07412928004854
854,8396.83,33988897.1882526,1.06256874972862
855,8471.06,36872803.6163467,0.824726548507777
856,8242.07,29663037.5461113,0.717734368571062
857,7511.91,30616246.3183454,0.766521945894127
858,7344.56,33399541.438195,0.781414237170705
859,7489.66,35540537.6842331,0.737116785549491
860,7495.47,42980660.1034435,2.93612843297315
861,7615.54,35121339.3988139,1.19089219316408
862,6553,35121339.3988139,1.03925388121249
863,6488.68,38559792.2070893,0.684603970324376
864,6760.83,42908653.8315633,0.652793160052876
865,6157.04,39627403.832679,0.647246208882597
866,5878.14,38112980.7562709,0.587412092972705
867,6626.44,30929068.6931155,0.731273674820069
868,6628.59,41594264.7941898,0.692117590520499
869,6329.27,35995036.8411258,0.885153137886251
870,6248.84,35461777.0360721,0.763535513256998
871,7371.11,44021066.1135111,0.853059398674629
872,7406.66,42733900.4376774,0.566810600780812
873,7939.81,42991333.5728441,0.574457094698937
874,8171.49,43474975.9754299,0.646798610284149
875,7414.77,52051671.9161698,0.560356305128898
876,6718.23,46432457.3343105,0.685105084726415
877,6227.85,49230273.0794216,1.08458673008572
878,6270.67,50183117.0745072,0.719730048586831
879,6486.58,47642199.754279,0.649032556698184
880,6525.96,47211617.4407006,0.77274510663761
881,6901.26,51165065.369764,0.615513273148291
882,7018.78,50496240.9858456,0.484572453960604
883,7359.19,44142409.33862,0.412101655522942
884,6184.06,56874984.6776413,0.484719419513626
885,6326.04,51641090.3821529,0.619840648517796
886,6497.37,47105048.6593962,0.590534993332689
887,6496.02,51200543.8778585,0.570922480006599
888,6583.45,60089527.1899868,0.465623595087276
889,6628.66,54045018.5377396,0.400994935776989
890,6521.31,51556103.2103437,0.467772616203699
891,6573.62,52623567.2251537,0.379102021488192
892,6581.07,58923571.7521087,0.441085623359184
893,6265.16,60035337.2568655,0.459450635000723
894,6509.61,50702736.5834647,0.393727751010816
895,6493.89,54987474.8862927,0.431263396115446
896,6472.17,48560367.4320507,0.419829416939624
897,6301.61,58201028.6134137,0.528795045509614
898,6361.3,44285199.6469399,0.416062022335391
899,6536.83,43213783.5264494,0.656738620204629
900,6408.53,49999418.9562224,0.569684911749044
901,5658.73,44946674.6331138,0.651760825732386
902,4848.78,43657349.0874779,0.456759168372316
903,4352.98,47295461.5114344,0.289102587669862
904,3828.45,39027024.1842606,0.290514967474806
905,4188.09,37704074.2119128,0.21077463587853
906,3744.98,37892374.8161739,0.379112631341302
907,3588.44,34804847.9793004,0.350045876268364
908,3308.11,40979901.6530473,0.214008588210473
909,3556.54,35766529.4260719,0.176749033941854
910,3899.83,44422290.5748598,0.184406891863424
911,3821.52,39853140.68716,0.303830006630665
912,3770.36,44676132.2352876,0.182962574018324
913,3931.31,43291796.7608921,0.28484713714882
914,4071.77,39381569.9566825,0.222462357286363
915,3646.25,41336683.3587873,0.292323766582377
916,3682.48,38609293.9848521,0.242312339213522
917,3625.73,38901788.6362525,0.201277400184509
918,3587.35,42704219.1044576,0.210036092345556
919,3576.3,40071767.241854,0.163513821566011
920,3470,44802503.958942,0.262659926685426
921,3456.02,42490116.6578353,0.325041794131476
922,3394.76,47114891.2600487,0.437014729582108
923,3629.47,38568926.138295,0.375138468313133
924,3608.2,45197960.3183144,0.286647422329177
925,3926.53,39171565.6092058,0.534873557164148
926,4139.6,41298258.2978092,0.34887826429922
927,3833.23,45274965.6436762,0.481901030733407
928,3814.58,41351135.2878909,0.303633707735043
929,3886.82,44067633.2265115,0.361824583634967
930,3881.09,43141131.5892332,0.385942280463952
931,3936.5,49174856.287028,0.590947052294201
932,4029.11,48571483.8172485,1.98543207226587
933,4011.92,47490106.9905989,1.24887844950027
934,4048.51,46298790.8217788,1.46480824086428
935,4114.16,43127640.7654926,1.05376100296338
936,4911.24,50104170.8893222,1.13447212807449
937,5268.71,41949459.1204562,1.71256543866316
938,5072.85,42902855.9186484,0.781747290238045
939,5196.65,43856252.7168405,0.78772424889514
940,5309.28,51199133.0238072,1.08811705884609
941,5434.19,45160953.3019234,1.78026390269507
942,5301.29,51477170.5469476,2.13841444279872
943,5390.16,48003251.0621843,4.56500249326611
944,5684.47,42312167.3509307,4.22872793214319
945,6348.02,43311667.3670944,3.04825644536002
946,7992.69,49641834.1361313,3.99058466169516
947,7265.05,54326123.0260958,3.40408771220541
948,7625.93,52659677.5344978,2.59633426451481
949,8744.42,55659279.4193742,2.24652118098193
950,8272.46,43386260.5763838,2.69191372733264
951,8134.92,57106701.9552403,2.70853250929368
952,7998.29,45982019.7561675,3.72025474710426
953,7917.58,48577778.9359511,5.90710825316984
954,8859.47,47882020.4805591,3.66167684671237
955,9281.7,53038545.7630809,2.66832443065582
956,10814.48,65193212.5004535,2.1068118419945
957,11132.85,64293187.5738079,2.14695186052901
958,10578.72,62321003.9058997,1.79393068587175
959,10955.16,70209738.5775326,1.64964443441377
960,12586.78,58125055.9333793,1.63909621219846
961,11389.1,65334365.1964341,0.919680288439669
962,9674.28,54520401.3018519,1.39939085568274
963,10587.41,71191928.9726661,1.43361245943909
964,9875.17,74380911.3910783,2.2461122888257
965,9501.33,63627044.6839344,2.23010787402228
966,10529.55,77517455.8473286,1.26480895604865
967,11465.67,75945274.2994312,1.71071832168382
968,11282.22,75945274.2994312,0.756380019554686
969,10016.96,77930771.6667366,0.928415616731284
970,10317.6,82514504.7903757,0.875537167107363
971,10111.98,77452265.232684,1.09443777488288
972,10360.28,68340234.0288388,1.12429108787714
973,9577.99,84033176.6576833,0.718465785558893
974,10621.29,72825124.7697365,0.958491614545631
975,10487.21,94779757.9723776,0.643133304464001
976,10159.32,84605659.6589586,0.757686622358845
977,10310.43,96346803.0777296,1.06976201979276
978,10275.88,89253786.9002281,0.671349035510914
979,9683.38,92800294.9889788,0.674920399304331
980,8193.9,100852756.01995,0.573480068078046
981,8322.92,93875521.3267456,0.693174097245866
982,8147.69,94509815.3897642,0.4365767164328
983,8587.92,103681264.292523,0.709897658487492
984,8283.76,87295825.4578357,1.16252624482986
985,8076.78,103461719.061139,1.16052627514748
986,8222.52,109281440.758328,1.22675299744174
987,8666.79,95285003.0093039,0.84726147816622
988,9433.35,91201360.0231908,0.941506154398722
989,9301.18,93923788.6805996,0.679099553741991
990,9343.34,91737090.3690835,0.89050913236974
991,9037.12,95479548.6213797,0.806160206599305
992,8632.32,99905752.8621059,0.796011329979424
993,8175.99,92950289.0552504,0.553872119316978
994,7286.35,111568229.030169,0.476905662317346
995,7163.63,89641525.0589222,0.60888858596641
996,7557.72,89641525.0589222,0.550241039690093
997,7192.85,93386357.4980277,0.638353332902171
998,7522.39,94736471.2539258,0.465031464230959
999,7189.16,97296916.4229509,0.379063082312015
1000,6879.54,90255692.208132,0.3642814071957
1001,7190.17,113287340.369223,0.31362859357195
1002,7250.69,82390792.9957983,0.797559971333301
1003,7301.07,99770100.8933494,0.41553243857684
1004,7175.68,96717718.3123778,0.635615160118378
1005,7351.57,92602070.7246171,0.458515308810101
1006,7817.92,102205248.429392,0.427680014249043
1007,8105.24,99607271.2200415,0.610528708582643
1008,8900.34,96958912.29362,0.539328694210698
1009,8722.26,114587805.437915,0.646349647840744
1010,8327.36,105038821.651422,0.629750954674672
1011,9279.81,119936535.919975,1.07157634286058
1012,9314.56,113785944.334335,0.711064131334146
1013,9755.66,106866528.80049,0.674567171104883
1014,9854.79,114190850.876276,0.696835433033085
1015,10368.53,109742275.18922,0.523003183862084
1016,10180.65,108969442.265353,0.586698423854668
1017,9669.63,109742275.18922,0.458046801973722
1018,8785.52,113169220.498612,1.08868300434723
1019,8534.17,114708937.784307,1.13799991384835
1020,9067.39,119328089.641393,1.78560484166505
1021,7931.94,108616241.391911,1.0702667382949
1022,5609.03,105324840.13761,0.740414420784793
1023,5357.61,82285031.3575081,0.595457236225901
1024,6189.85,104501989.824035,0.38605682483986
1025,6698.46,112492821.358516,0.594117983768802
1026,5885.41,101664512.290166,0.390110704535921
1027,6809.11,91290582.4646392,0.634051209521079
1028,7343.2,116188014.045904,0.515074176133559
1029,6873.24,116308064.119463,0.74743033347111
1030,6871.95,123623036.705593,1.30320406784667
1031,7259.36,111187583.309172,1.82151343648637
1032,7130.99,112649865.245436,2.45777629001632
1033,7699.27,111856556.335257,2.54708041668451
1034,8628.77,111856556.335257,4.95503458023075
1035,8885.93,126294576.814336,6.42914180341742
1036,9821.8,108878107.851694,3.69219349697898
1037,8814.53,95268344.370232,2.36918688128054
1038,9385.7,81658580.8887703,2.2550053508218
1039,9510.67,98579623.7035512,1.90321315927668
1040,8730.73,94064526.4346863,1.27630329010085
1041,9569.21,95569558.8576412,0.88455687970373
1042,10204.23,97074591.2805962,1.40363451252628
1043,9623.75,133797229.464477,0.981710394257909
1044,9775.15,111952783.837623,1.27653907153377
1045,9473.5,116048617.392658,0.673697335950307
1046,9454.81,97298323.0370428,1.50889758486723
1047,9284.78,112206937.050783,1.00015012677777
1048,9240.85,128684878.855444,1.28367046528809
1049,9185.35,115344676.145677,1.61181855013175
1050,9072.42,123188120.488637,2.23926806714143
1051,9256.23,118480294.227925,3.67601432725504
1052,9235.96,119264931.938044,2.51085427154793
1053,9193.51,117268964.179098,6.06362537624933
1054,9214.66,121580323.15627,4.39956743002628
1055,9613.11,138825759.064961,4.94176360603888
1056,11042.4,121437040.395232,5.03549580816253
1057,11343.88,114737065.752737,2.56059439243148
1058,11194.25,108037091.110241,5.21382821704613
1059,11767.6,130649505.528664,2.3972598274732753
1060,11573.11,123844534.076575,4.219870678434581
1061,11914.01,105309977.956271,3.5486845678575203
1062,11865.82,130584372.66577661,5.356555300517122
1063,11763.93,111720008.69546376,2.5571293773815347
1064,11534.75,127430634.91826336,2.0034358577317
1065,11923.25,125685009.78239675,2.4741851199823692
1066,10159.62,130921885.1899966,1.3891759718324936
1067,10227.83,136239328.01257572,2.7006032402489955
1068,10330.77,151760264.11527425,2.1059191899274934
1069,10943.89,142275247.6080696,4.083656083970861
1070,10430.46,123857644.31701957,3.7819971609232237
1071,10692.84,144020516.64769718,2.863405058363661
1072,10840.8,149781337.3136051,2.656080742140803
1073,10551.77,151592064.050859,1.7993792536301436
1074,10670.8,155408725.01316798,6.285089285809221
1075,11376.61,142937654.4874199,5.752067801423124
1076,11503.73,148693533.1916113,13.129840128849542
1077,11758.16,143146506.838782,11.871891136589499
1078,12944.52,151099090.55204767,7.673814934872026
1079,13651.47,99407296.41582084,5.213674989764986
1080,13810.32,124259120.51977606,2.6838456994318904
1081,14155.59,122675182.48120748,5.433656184584319
1082,15490.6,154387134.41512507,3.5079325984150387
1083,16295.57,115998982.07406694,4.421837643393106
1084,16725.15,137334450.8705656,7.405563838500065
1085,18687.45,147831351.5740483,4.686759043207698
1086,19172.52,135584967.41998515,4.1216454555904125
1087,17732.42,135399801.26976258,2.7188771318260834
1088,19226.97,149512250.29219317,12.046406024922556
1089,19377.66,142846099.00528008,11.916995795131013
1090,18247.76,131418411.08485769,7.297509672371263
1091,19276.59,129933875.82961763,8.410156419112946
1092,23150.79,146639659.8648542,8.400988666872713
1093,23824.99,142927263.41257942,11.26630534983695
1094,26443.21,137358668.73416725,10.977942573564283
1095,28856.59,153482070.38176647,16.36282244994702
1096,33000.78,159954205.87979275,9.705959227466364
1097,39486.04,136839436.24398455,11.292711587658864
1098,35544.94,151611247.4016758,7.720712671247752
1099,36828.52,150586847.08139417,15.105368318268411
1100,36020.13,144440445.1597046,14.267639368142085
1101,32099.74,143884925.38771522,11.45013229284553
1102,30419.17,150095785.47639358,28.50803937284562
1103,33136.46,124217201.7735671,18.903332523449883
1104,37002.09,174939225.83110696,25.060581577828714
1105,46364.3,152367873.16992718,30.85654781127625
1106,47471.4,167285007.6061438,15.321531752273685
1107,49160.1,147040325.15699264,20.081708400459792
1108,56001.2,152267677.07260144,13.73474769040813
1109,50624.84,168466366.12287825,21.52641955062327
1110,45113.92,140388638.43573186,22.08740214714156
1111,48448.91,160906977.89941573,21.676746170367544
1112,52299.33,149267953.88308737,14.137088191445995
1113,57253.28,152466552.89486787,12.71628388499337
1114,56872.38,145003155.2007135,18.10024900171318
1115,58085.8,169563074.61598912,15.770919488138981
1116,52508.23,167389189.0439892,18.804707104262462
1117,55783.71,164128360.68598944,18.95188877458195
1118,58736.92,160517766.38346806,39.39264581237137
1119,59054.1,165624244.467784,59.85844264985348
1120,58102.58,180576433.20445892,29.02194839114216
1121,63554.44,155272729.1885475,26.857866212967238
1122,60087.09,145361065.33971703,20.55797541656836
1123,53808.8,167634131.8030608,20.014748396079465
1124,49075.58,133638398.78006244,19.21120694446092
1125,53584.15,169978665.11499172,13.841469618791853
1126,57213.33,185429301.3867602,13.40578760877589
1127,57380.27,175184588.60296133,17.159382807974318
1128,56750,176209059.88134116,13.250583805575332
1129,46736.58,164348929.98192218,7.2217026237832
1130,36964.27,139447576.95435822,7.513880953319125
1131,34754.54,156878524.07365298,5.244371402720911
1132,38445.29,148163050.51400563,6.954110734164162
1133,37310.54,148572947.38247102,6.439971039413672
1134,36885.51,137063775.4021388,4.708340415988513
1135,33450.19,131832333.59289683,8.061537460447216
1136,35494.9,136724465.12868512,7.177179225940275
1137,38324.87,128812374.13671976,10.614911610227953
1138,35592.35,104040763.72581212,7.233005636592207
1139,34639.38,108995085.80799364,3.919572117822382
1140,34456.67,89177797.47926754,4.519262067207424
1141,33856.86,98706076.21227616,2.186896337683462
1142,34211.01,87820755.10899657,1.916524668756355
1143,33515.57,89248734.86686642,1.9146921479710364
1144,32814.61,91390704.50367121,2.2489527832586544
1145,31783.49,115543619.13247934,2.230378609406082
1146,32297.89,91755226.95814537,2.2598071680357603
1147,37318.14,115543619.13247934,2.438608452200614
1148,42214.15,112465862.12588961,2.453180620375733
1149,38138,98004603.29610927,2.8152116750038814
1150,44634.13,113858289.12342106,2.9780267481972347
1151,45611.46,108813934.5420037,2.111370266040749
1152,47056.41,124500915.70761941,2.4029998309880587
1153,46734.65,123727618.0945286,3.2468233458644935
1154,49523.5,119087832.41598378,3.5572621274723617
1155,49056.86,123466373.91035247,2.250638797028186
1156,47155.87,119963781.7426829,3.022143026203619
1157,49947.38,143606278.8744525,1.9618965571083138
1158,46078.38,125412870.36132078,2.260371308838653
1159,46059.12,145552163.4120438,2.1433706956650065
1160,47785.26,134567094.4752858,2.726000880745027
1161,42901.56,113928907.44351819,2.4517990686995383
1162,42815.56,135990412.4848306,3.266716401765169
1163,41011.16,122769122.38213871,3.2591038116745574
1164,47727.1,141656679.6716985,3.1953415249062393
1165,55343.76,139433297.2697835,4.062618197114784
1166,54625.74,144377740.43537864,3.090479025849927
1167,57397.74,139433297.2697835,3.164126507735802
1168,61971.59,154737198.72913387,3.700567588537313
1169,60697.06,144754153.64983496,2.7776062944643027
1170,60345.17,156733807.7449937,4.101072788891336
1171,61731.29,140175299.14944655,2.490990827166171
1172,62954.86,153966937.6477702,2.35957479711077
1173,63293.22,145353402.67446837,2.5324347890831387
1174,64838.81,152890245.77610743,2.7653898852290024
1175,63584.25,169070703.34607086,2.4716599794755676
1176,58133.02,163435013.23453516,3.3513847722884273
1177,57578.22,176960669.50222084,1.954473359411793
1178,54801.15,155225116.619112,1.5098996889863265
1179,57229.76,172098304.91522342,1.9978335685151811
1180,49380.43,190973602.87366727,1.9234508577822684
1181,47659.68,173208616.55983782,2.351635804490865
1182,46757.09,178007627.4567432,3.4111680993783997
1183,46173.51,153952542.66529143,2.3054355976140393
1184,48934.57,178007627.4567432,2.6692770479670203
1185,50470.89,161682278.52670813,1.5604664449104628
1186,46408.87,143583516.00506175,1.6701501812565434
1187,47327.87,168921783.5353667,1.5176898226358293
1188,43120.63,168921783.5353667,1.7248739328313072
1189,41849,191422128.4364691,1.4966967161360418
1190,43099.37,201114388.10413846,2.0180465253649285
1191,42381.48,209595115.3133491,1.6754618864912654
1192,35071.43,186746029.1281284,1.9481381809597438
1193,36823.5,173501629.89918315,3.3384540167869465
1194,37918.62,189394908.97391748,1.9068790196784127
1195,37092.4,172445464.54596007,1.4573484881825034
1196,43834.02,204326154.12338364,1.3203451264498163
1197,42401.27,248110330.00696588,1.2033402731505094
1198,44536.2,206979740.54057044,4.471351581439927
1199,40115.05,200196675.81507933,1.78337931973625
1200,37291.48,183513619.49715608,1.7674355071120613
1201,37704.56,214099222.7466821,1.5414436085754752
1202,42464.4,190365286.64550212,1.6604875282007732
1203,38032.5,202691096.5721893,1.7350485133462785
1204,38741.04,213647372.0625779,1.5779794588276865
1205,39320.82,212277837.6262793,1.93400451305947
1206,42222.32,210160951.25482893,2.143880839134742
1207,42905.06,195149454.73662692,1.619750285926272
1208,46858.53,216984358.7631026,1.5586888460444703
1209,45539.22,200371606.28467658,1.3993108889802168
1210,46611.26,206055907.17218518,1.4095780862242417
1211,42278.94,217424508.94720227,1.3856795303097564
1212,40102.2,198950531.06279945,1.5102990682936583
1213,40388.78,231514552.3256366,1.280824478187918
1214,41375.79,237127026.3214096,2.7221965351803497
1215,39465.57,227305196.82880685,2.2902910535469765
1216,39770.04,222163205.20796743,3.5353473588210145
1217,38510.65,222163205.20796743,2.0541225473544937
1218,36013.03,211795588.96492898,1.567418126308507
1219,31003.93,225257597.8912952,2.004478262640664
1220,30074.61,189527082.3637104,1.3976574353677453
1221,28680.97,189527082.3637104,2.218318938971079
1222,30278.94,248560108.0179809,1.4765413556033977
1223,29193.92,205096744.96660265,1.5297291392462056
1224,31715.58,216986411.34147817,2.0373799062329563
1225,29681.76,206582953.2634621,1.625479654868934
1226,31117.83,266405768.7361438,1.3455606542012026
1227,28344.5,191184617.31646615,1.318371347036837
1228,22550.79,179141491.81621632,1.1739283349718186
1229,20540.38,198711570.75412232,1.104625165070075
1230,21088.3,189622396.21199957,1.8491094107593524
1231,20702.23,214611394.16241816,1.2484983704713204
1232,19226.7,202851865.7151624,1.6844679576971644
1233,20181.91,186682514.1001857,2.326399167566572
1234,21582.6,221726603.8502846,1.2087485291460323
1235,20223.69,179699992.6629758,1.294443986563361
1236,20774.23,189844347.0874986,1.3432075721074799
1237,23154.09,181711862.6387281,1.6798545187735383
1238,21300.72,220256803.19845834,2.0885403893479806
1239,23792,177582047.57875702,1.2161157315687547
1240,22981.77,199607727.89860287,1.4044969797364508
1241,22947.19,222690688.3419183,0.8246336069387135
1242,23959.92,196079851.3702425,0.9038145789014399
1243,24314.89,203082703.20489404,0.8737882663052219
1244,23193.99,250867150.78611156,1.3574341857135348
1245,21402.93,242410954.69219768,1.114576453809559
1246,20233.32,204358072.2695853,1.0978233795944883
1247,19793.02,219862688.89188153,1.2805156833276659
1248,19834.94,258699436.01770127,1.1383852120960882
1249,19280.08,195564454.60861945,0.9992899985375117
1250,21794.52,235601272.08754936,1.0614123236267963
1251,19694.69,203901883.4393143,1.1318848733991258
1252,19542.2,242133486.58418575,0.7347354301355634
1253,19280.58,232575585.79796788,0.5527990520800486
1254,19104.89,234283743.87934902,0.6901340844272648
1255,19314.69,244753784.95094424,0.7366848316324164
1256,20167.79,247871667.56178424,0.9263161103659419
1257,19441.88,281762541.4868823,0.875119114953268
1258,19383.33,276154660.02324307,1.3514187732663099
1259,19548.97,251371549.5083366,1.1118778807929552
1260,19171.34,240750216.43051958,1.329317278284085
1261,20101.27,283822315.2658024,1.4771206093696823
1262,20816.16,247200081.03795698,1.1974163030476088
1263,20153.99,300302320.6683329,2.3123753507342077
1264,20920.33,263186945.48747677,1.4904222770065427
1265,17550.23,244879481.2695022,1.7272215440272745
1266,16587.96,283256116.39382714,1.4059968522493294
1267,16683.22,268636445.8702748,1.5626329144821902
1268,16194.75,258991482.2471786,1.1366981915235674
1269,16453.47,249807387.13203046,0.6458571631079766
1270,17170.62,281033310.52353424,1.2940693882622083
1271,17117.57,268175577.36232677,1.1634354591398162
1272,17234.58,258748833.58216918,1.0687621130547302
1273,17206.87,280878668.0332757,1.673390459035465
1274,16637.6,234916704.1732852,0.8339336332358197
1275,16904.64,251387886.90897432,0.8952919939922753
1276,16838.1,247871972.40675086,0.5033456735426806
1277,16539.28,247871972.40675086,0.9637449481673204
1278,16613.71,274241331.1734265,0.7165382674219957
1279,16826.41,305064103.23047346,1.4196575555711577
1280,17192.07,286421296.9219445,1.3270872612008404
1281,19933.36,289810898.0689498,0.9946038528610108
1282,21145.18,261608422.14007932,1.4805184239158928
1283,22772.5,282163369.59394276,1.272898394574146
1284,23089.74,289637895.9408021,1.3151501008230075
1285,23755.85,269948142.5149194,1.756259548016865
1286,23454.41,260167412.7136542,1.9808994262349455
1287,22763.74,277772726.3559315,1.4672128456804827
1288,21638.55,291465748.0777028,1.4215247806536666
1289,22211.8,317275458.3617154,1.5944955339398508
1290,24641.94,315328983.1570423,1.3592362305389674
1291,24185.67,332847259.9991002,2.844395921958325
1292,23563.11,299630548.4861114,1.810109756774729
1293,23467.36,359556658.1833338,3.3106594077032847
1294,22410.62,353136003.57291716,2.4628013831718603
1295,20224.85,357219695.9219277,2.8990548783602197
1296,24767.46,318250274.5486265,2.314260775906402
1297,26975.39,320415242.4026988,2.025169057269978
1298,27306.32,398152679.74955547,2.5737646737140008
1299,27999.84,344632512.6727259,2.1510053638205267
1300,28033.06,328332326.2625294,2.680234482133253
1301,27802.23,377232885.49311894,1.9526677724130148
1302,27925.55,349935510.5526316,1.266947160742209
1303,30234.98,380882188.3566059,2.194880249832608
1304,30319.32,295183695.97636956,2.461444756262514
1305,28829.57,319313867.4340018,6.695870061442352
1306,27590.55,341432463.6274834,30.910220688423603
1307,29480.35,355961504.6329083,9.017496493170343
1308,28086.65,312374381.6166337,5.36717683427731
1309,29535.38,355568840.1119249,5.418682009632649
1310,27640.09,405682569.25521636,4.256440632164894
1311,26785.94,415228041.47298616,3.4451319528762627
1312,27398.27,344768089.144806,5.246908521986222
1313,26756.57,354690591.1309403,4.23720150199619
1314,26477.29,376858753.07662404,5.058448235796124
1315,27744.66,379321882.1817001,2.359256075462784
1316,27251.93,331093463.8956832,2.2258949585846843
1317,27243.64,343827827.89167106,3.5533305009126006
1318,25852.82,415140266.2692028,2.3520363470066026
1319,25127.04,385148460.1631553,2.573585268592743
1320,26337.08,369534333.3997841,2.3884510174267426
1321,29903.73,325294307.5702325,1.0496478500601865
1322,30266.7,364329624.47866035,1.1761344822061275
1323,30471.5,334845664.7949681,1.047095554991586
1324,30774.87,390233669.4978951,1.1355624945937632
1325,30214.55,425480581.581576,1.3685364086215024
1326,30391.64,321592673.51184636,1.473848312669759
1327,30240.28,364471696.6467593,1.1048975333177153
1328,29802.29,300153161.94439,2.023821456253706
1329,29178.42,369831574.5386234,2.5960123666427233
1330,29316.12,343365594.25571066,1.1344608748731977
1331,29683.61,400593193.2983291,0.9191268513398846
1332,29048.01,426605738.3177011,0.6315956362589638
1333,29565.82,330756213.4390739,1.1506866898479273
1334,29283.84,445348917.3077294,1.3354772206865047
1335,26662.05,362008769.0396163,1.6140165387860033
1336,26123.41,380936887.22817194,1.3689211529654954
1337,26049.42,378799106.9943814,1.4094662422881636
1338,27731.23,348384580.1554164,1.5855498067809284
1339,25869.09,436863203.68695074,1.2296729992761033
1340,25753.31,393005453.9397736,2.9391584828620747
1341,25832.82,427999090.2494795,3.0645038694959585
1342,26536.02,506061817.40190023,2.399710773766623
1343,26763.76,385677556.7313763,2.5730773014989508
1344,26581.86,442953295.78705144,4.739391083504521
1345,26212.82,445792739.99081457,2.2051989503961833
1346,26970.43,400361632.7306042,1.2192790047143378
1347,27797.56,401774935.7811363,1.8837664940419792
1348,27937.18,444516950.225938,1.7495069422585006
1349,26758.66,393226532.892176,1.9304311090769133
1350,28517.32,491483968.444345,1.447593784840588
1351,29682.6,455077748.5595787,3.92310930989883
1352,33902.65,436874638.6171956,7.167502461125683
1353,34090.68,415637677.0177486,6.07328126567592
1354,35440.51,447130946.6720681,18.689766110389634
1355,35048.35,394344654.35661566,10.352954883707891
1356,36696.25,478181706.85762835,5.895600476738059
1357,36497.35,443696225.37862045,6.585229724370977
1358,36624.3,479063315.80735093,5.77451534999368
1359,35808.95,456556985.5345224,27.37632057253666
1360,37800.94,492891191.48160595,9.441601938809521
1361,37867.37,452678810.6117344,25.105531283983666
1362,39976.04,523621012.2747674,25.23381335679847
1363,43298.7,456057010.69092655,22.74548615784964
1364,41238.31,481794448.2864064,12.9663674009282
1365,41934.71,508560806.52454,20.883903200577027
1366,42262.62,485140243.06617314,12.789096080950772
1367,43742.33,612085087.5512694,9.6503995433807
1368,43470.76,433112839.72926086,10.501998311920342
1369,42249.69,554813968.2482265,12.231324338091992
1370,44190.1,493963403.98874366,7.526995541577384
1371,46972.42,553078468.1633366,9.452924247204546
1372,42843.98,578549187.0919114,4.036065770194712
1373,43132.4,440279570.0510773,4.832019881965962
1374,41659.4,489551347.763542,12.563852858737281
1375,40068.49,632919956.7514365,8.390473536819442
1376,42030.81,545500073.2222326,8.056022137337834
1377,43061.16,676117474.0216229,5.481351627911824
1378,42653.29,638049611.833403,4.1509321761059805
1379,47134.54,570491417.639278,3.920740652141341
1380,49739.24,521699388.49907666,8.599459818027558
1381,51685.35,491572989.4556458,7.448635197030641
1382,51862.86,548449203.1116709,7.979236263644741
1383,51727.76,540324029.7322387,7.402078106258289
1384,61172.49,608054004.3789,8.28585733766398
1385,68377.67,658743347.9554589,6.413715763490421
1386,68306.9,642965064.1720946,4.813131372882636
1387,71489.22,631131351.3345715,5.929342593838303
1388,65303.67,609268716.2671757,6.195568200084009
1389,67857.18,500768807.8908293,4.809228696707734
1390,67226.33,550845688.6799122,4.809228696707734
1391,70754.69,595046224.9834774,4.809228696707734
1392,69701.3,611575286.7885739,4.809228696707734
